
{
  "userName": "50010098",
  "branchId": "500100",
  "customerId": "9520970466",
  "customerName": "AGENT PORTAL TEAM",
  "customerType": "INDIVIDUAL",
  "from": "AP",
  "textAttribute1": "2",
  "policySOABO": {
    "agreementCode": "500100046621900000053301",
    "effectDate": 1559051100000,
    "expiryDate": 1653676140000,
    "policyId": "7208738",
    "productCode": "NPM",
    "productId": 700015240,
    "quotationNumber": "NICQ1900005868",
    "proposalStatus": "",
    "genPolicyInfoSOABO": {
      "fieldValueMap": {
        "NIC_City_DropList": "1",
        "NIC_TPAName_Policy": "890019",
        "NIC_TPABranch_Policy": "89001970000101",
        "NIC_TPA_RATE": "0.055",
        "NIC_Non_Scheme_Type": "2",
        "NIC_TPA_Option_Policy_Level": "1",
        "NIC_DeclarationNumber": "22",
        "NIC_CAR_Name_Principal": "Test Manoj",
        "NIC_AddressA": "North Street...",
        "BREEDTYPE": "3",
        "NIC_MOU_CODE": "1"
      },
      "actualAnnualTurnoverCarrying": 0,
      "estimatedAnnualTurnoverCarrying": 0,
      "marineServiceTaxFlag": 0,
      "ncdAmount": 0,
      "poiPrintorNot": 1,
      "policyId": "7208738",
      "serviceChargeRate": 0,
      "travleTransitNumber": "FOEPS9068S"
    },
    "insuredSOABOList": [
      {
        
        "insuredCategoryCode": "Person Insured",
        "effectiveDate": 1559051100000,
        "expiryDate": 1653676140000,
        "insuredCategory": 2,
        "insuredId": "7764037",
        "insuredName": "Virtual Insured",
        "numberofInsured": 1,
        "insuredStatus": 1,
        "numberofPlan": 1,
        "policyId": "7208738",
        "personInsuredSOABO": {},
        "policyCtSOABOList": [
          {
            "fieldValueMap": {
              "NIC_RIOT_CT": "1"
            },
            "dynamicObjectList": [
              {
                "bizTableName": "NIC_Location_CT",
                "dynamicAttributeVOList": [
                  {
                    "valueMap": {
                      "Date1": "",
                      "Description": "TETSEET",
                      "DeductibleRs": "1",
                      "Typeofoffshorerisk": "598208",
                      "PremiumUSD": "",
                      "Ratepercentage": "",
                      "PremiumRs": "",
                      "Location": "232342342",
                      "DYN_DATA_ID": "",
                      "CTID": "",
                      "Typeofonshorerisk": "2",
                      "Test": "Health",
                      "Date": "1558895400000",
                      "DeductibleUSD": "",
                      "SumInsuredRs": "200000",
                      "SumInsuredUSD": "0"
                    }
                  }
                ]
              }
            ],
            "coverType": 700021840,
            "coverTypeCode": "BC",
            "coverTypeName": "Basic Cover",
            "coverTypeId": 700021840,
            "effectiveDate": 1559051100000,
            "expirtyDate": 1653676140000,
            "insuredId": "7764037",
            "limitSiOfCoverType": 200000,
            "policyCtId": "9537611",
            "siOfCoverType": 2000,
            "policyCtAcceSOABOList": [
              {
                "fieldValueMap": {
                  "NIC_Sprinkler_Discount_Interest_Level": "2",
                  "NIC_Name_IN": "S",
                  "NIC_SL_NO_INTEREST": "1",
                  "NIC_Family_Discount": "200000",
                  "BenefitColor": "2",
                  "NICBenefitName": "TETSEET",
                  "NIC_Rallies_Extension": "1",
                  "NIC_DateB": "1557772200000",
                  "NIC_DESCRIPTION": "NPMP-Maternity Extn",
                  "NIC_Relationship_With_Proposer_Benefit": "2",
                  "NIC_Age_Interest_Level": "24",
                  "NIC_CAR_CAR_Minimum_Excess_Increased": "1",
                  "NIC_Pre_Existing_Diseases_DropList": "2",
                  "DateOfBirth1": "771445800000",
                  "NIC_MarriegeDate": "1558981800000",
                  "NIC_OtherCheckUp_Interest": "2",
                  "NIC_PAsumInsured": "0",
                  "NIC_Marital_Status": "2",
                  "NIC_AMCZ": "1",
                  "NIC_Process": "1",
                  "NIC_Property_Benefit": "2000",
                  "NIC_NUmA": "5",
                  "NIC_Occupation_Benefit": "1001",
                  "NIC_Gender_Interest_Level": "1",
                  "NIC_Father_Age": "60",
                  "NIC_Type_of_Animal": "2",
                  "NIC_Street": "NONE"
                },
                "interestTypeCode": "Person details",
                "indemnityPeriod": 0,
                "interestNo": 1,
                "interestSi": 200000,
                "interestType": 700000650,
                "policyCtId": "9537611"
              },
              {
                "fieldValueMap": {
                  "NIC_Sprinkler_Discount_Interest_Level": "2",
                  "NIC_Name_IN": "O",
                  "NIC_SingleCarryLimit": "0",
                  "NIC_SL_NO_INTEREST": "2",
                  "NICBenefitName": "TESTST Wifeee",
                  "NIC_Rallies_Extension": "2",
                  "NIC_DESCRIPTION": "NPMP-Maternity Extn",
                  "NIC_Relationship_With_Proposer_Benefit": "52",
                  "NIC_Age_Interest_Level": "21",
                  "NIC_Pre_Existing_Diseases_DropList": "2",
                  "DateOfBirth1": "894997800000",
                  "NIC_MarriegeDate": "1558981800000",
                  "NIC_OtherCheckUp_Interest": "2",
                  "NIC_PAsumInsured": "0",
                  "NIC_Marital_Status": "2",
                  "NIC_AMCZ": "1",
                  "NIC_Process": "2",
                  "NIC_Occupation_Benefit": "1002",
                  "NIC_Gender_Interest_Level": "2",
                  "NIC_Street": "NONE"
                },
                "interestTypeCode": "Person details",
                "indemnityPeriod": 0,
                "interestNo": 1,
                "interestSi": 0,
                "interestType": 700000650,
                "policyCtId": "9537611"
              }
            ]
          },
          {
            "coverType": 700021841,
            "coverTypeCode": "CI_NPM",
            "coverTypeName": "Critical Illness Cover",
            "coverTypeId": 700021841,
            "effectiveDate": 1559051100000,
            "expirtyDate": 1653676140000,
            "insuredId": "7764037",
            "policyCtId": "9537612",
            "siOfCoverType": 200000
          },
          {
            "coverType": 700021842,
            "coverTypeCode": "OP_NPM",
            "coverTypeName": "Out-patient Cover",
            "coverTypeId": 700021842,
            "effectiveDate": 1559051100000,
            "expirtyDate": 1653676140000,
            "insuredId": "7764037",
            "policyCtId": "9537613",
            "siOfCoverType": 2000
          }
        ]
      }
    ],
    "policyGenCustSOABOList": [
      {
        "customerCode": "9520970466",
        "gender": "1",
        "insuredFlag": 1,
        "motorLevel": 0,
        "nonmotorLevel": 0,
        "partyId": "",
        "partyName": "TEST TEST TEST M L",
        "partyRoleType": 20,
        "payerFlag": 1,
        "policyId": "7208738"
      }
    ],
	"policyDiscSOABOList": [{
		"ctCode": "Basic Cover",
        "ctId": 700021840,
		"discountRate": 0,
		"discountType": 104,
		"discountTypeCode": "Discount",
		"policyId": "7208738"
	}, {
		"ctCode": "Basic Cover",
        "ctId": 700021840,
		"discountRate": 0,
		"discountType": 91,
		"discountTypeCode": "Loading",
		"policyId": "7208738"
	}],
    "policyPaymentSOABO": {
      "policyPayInfoSOABOList": [
        {
          "payInfoId": "2936073",
          "payMode": 101,
          "policyId": "7208738"
        }
      ]
    },
    "nicPolicyCustSOABO": {
      "policyId": "7208738",
      "partyId": "",
      "firstName": "Test Test TeSt",
      "lastName": "L",
      "middleName": "M",
      "gender": "1",
      "title": "1",
      "occupation": "1001",
      "email": "prt@mail.com",
      "addressLine": "South street test test test... TEST UPDATE...tAraria",
      "city": "854311",
      "district": "32001",
      "state": "32",
      "country": "91",
      "postCode": "153785",
      "addressType": "2",
      "field01": "FOEPS9068S",
      "field02": "1",
      "field04": "33AAACN9967E1ZA",
      "field05": "N",
      "field10": "Tue May 28 00:00:00 IST 2019"
    },
    "previousInsuranceSOABOList": [
      {
        "listId": "",
        "policyId": "7208738",
        "policyNo": "23423423",
        "policyFrom": 1527445800000,
        "policyTo": 1558895400000,
        "prevCompanyName": "598208",
        "companyBranch": "598142",
        "premiumPaid": 3400,
        "noClaims": 0,
        "totClaimsIncurr": 0,
        "claimIncurredRatio": "0"
      }
    ]
  }
}
